baths,beds,contentLen,craigId,date,latitude,link,longitude,numPic,postDate,price,reposts,size,title,updateDate,zipcode
1.0,2,21,6836151323,Mar 26,47.638626,https://seattle.craigslist.org/see/apa/d/seattle-eastlake-lake-union-2-bedroom/6836151323.html,-122.327057,6,"2019-03-07T18:13:46-0800,2019-03-07T18:13:46-0800,2019-03-26T04:22:12-0700",1700,0,720,Eastlake Lake Union  2 bedroom,"2019-03-07T18:13:46-0800,2019-03-07T18:13:46-0800,2019-03-26T04:22:12-0700",
1.0,2,27,6828207064,Mar 26,47.6302,https://seattle.craigslist.org/see/apa/d/seattle-eastlake-lake-union-2-bedroom/6828207064.html,-122.321,10,"2019-02-25T16:08:30-0800,2019-02-25T16:08:30-0800,2019-03-26T04:21:19-0700",1800,0,740,Eastlake Lake Union  2 bedroom,"2019-02-25T16:08:30-0800,2019-02-25T16:08:30-0800,2019-03-26T04:21:19-0700",
1.0,2,18,6850535592,Mar 25,47.537254,https://seattle.craigslist.org/see/apa/d/seattle-lincoln-park-2-bedroom-apartment/6850535592.html,-122.392502,0,"2019-03-25T20:05:49-0700,2019-03-25T20:05:49-0700",1595,0,,Lincoln Park 2 Bedroom Apartment,"2019-03-25T20:05:49-0700,2019-03-25T20:05:49-0700",
1.0,2,18,6850535012,Mar 25,47.58122,https://seattle.craigslist.org/see/apa/d/seattle-west-seattle-2-bd-apt/6850535012.html,-122.383438,0,"2019-03-25T20:04:18-0700,2019-03-25T20:04:18-0700",1595,0,,West Seattle 2 BD Apt,"2019-03-25T20:04:18-0700,2019-03-25T20:04:18-0700",
1.0,1,28,6850474790,Mar 25,47.680038,https://seattle.craigslist.org/see/apa/d/seattle-traditional-one-bedroom-at/6850474790.html,-122.376409,20,"2019-03-25T18:04:23-0700,2019-03-25T18:04:23-0700",1895,0,631,Traditional One Bedroom at Lillehammer! $99 security deposit special!,"2019-03-25T18:04:23-0700,2019-03-25T18:04:23-0700",
1.0,0,3,6846045578,Mar 25,47.622385,https://seattle.craigslist.org/see/apa/d/seattle-reservable-on-site-parking/6846045578.html,-122.335853,4,"2019-03-20T09:56:37-0700,2019-03-20T09:56:37-0700,2019-03-25T18:02:13-0700",1290,0,264,"Reservable On-Site Parking, Onsite Laundry Center, Night Patrol","2019-03-20T09:56:37-0700,2019-03-20T09:56:37-0700,2019-03-25T18:02:13-0700",
1.0,0,31,6850451448,Mar 25,47.632812,https://seattle.craigslist.org/see/apa/d/seattle-large-windows-condo-finishes/6850451448.html,-122.325915,10,"2019-03-25T17:27:28-0700,2019-03-25T17:27:28-0700",1877,0,541,Large Windows & Condo Finishes! Tour Equinox & Be Amazed!,"2019-03-25T17:27:28-0700,2019-03-25T17:27:28-0700",
2.0,2,19,6850451430,Mar 25,47.680371,https://seattle.craigslist.org/see/apa/d/seattle-gourmet-kitchen-breakfast-bar/6850451430.html,-122.32446,13,"2019-03-25T17:27:26-0700,2019-03-25T17:27:26-0700",2580,0,1039,"Gourmet Kitchen w/ Breakfast Bar, Master Walk-In Closet, & Parking Available","2019-03-25T17:27:26-0700,2019-03-25T17:27:26-0700",
1.0,1,32,6850428660,Mar 25,47.546515,https://seattle.craigslist.org/see/apa/d/seattle-make-yourself-at-home-its-ready/6850428660.html,-122.375979,22,"2019-03-25T16:54:02-0700,2019-03-25T16:54:02-0700",1880,0,729,Make Yourself at Home! It's Ready Just for You! 6 weeks Free!,"2019-03-25T16:54:02-0700,2019-03-25T16:54:02-0700",
,,91,6847720482,Mar 25,47.62212,https://seattle.craigslist.org/see/apa/d/seattle-amazing-rooftop-views-fitness/6847720482.html,-122.323937,20,"2019-03-22T10:17:55-0700,2019-03-22T10:17:55-0700,2019-03-25T16:52:06-0700",2550,0,697,"Amazing Rooftop Views, Fitness Center, AND Pet Friendly!","2019-03-22T10:17:55-0700,2019-03-22T10:17:55-0700,2019-03-25T16:52:06-0700",
2.0,2,23,6850396938,Mar 25,47.623539,https://seattle.craigslist.org/see/apa/d/seattle-washers-dryers-elevators-two/6850396938.html,-122.331746,13,"2019-03-25T16:10:50-0700,2019-03-25T16:10:50-0700",3138,0,1048,"Washers & dryers, Elevators, Two interior finish packages","2019-03-25T16:10:50-0700,2019-03-25T16:10:50-0700",
1.0,1,44,6850396415,Mar 25,47.490021,https://seattle.craigslist.org/see/apa/d/seattle-let-the-wallet-rest-greentree/6850396415.html,-122.247433,2,"2019-03-25T16:10:11-0700,2019-03-25T16:10:11-0700,2019-03-25T16:10:12-0700",999,0,,"Let the wallet rest, Greentree is the BEST! Open for tours!","2019-03-25T16:10:11-0700,2019-03-25T16:10:11-0700,2019-03-25T16:10:12-0700",
1.0,2,2,6848784099,Mar 25,47.394279,https://seattle.craigslist.org/see/apa/d/kent-2-bedroom-apartment/6848784099.html,-122.22883,0,"2019-03-23T14:28:22-0700,2019-03-23T14:28:22-0700,2019-03-25T15:36:37-0700",1371,0,886,2 bedroom apartment,"2019-03-23T14:28:22-0700,2019-03-23T14:28:22-0700,2019-03-25T15:36:37-0700",
1.0,1,2,6848098341,Mar 25,47.61282,https://seattle.craigslist.org/see/apa/d/seattle-available-now-in-first-hill/6848098341.html,-122.327837,24,"2019-03-22T17:08:54-0700,2019-03-22T17:08:54-0700,2019-03-25T15:36:26-0700",1865,0,515,Available Now in First Hill... Updated One Bedroom with City View!,"2019-03-22T17:08:54-0700,2019-03-22T17:08:54-0700,2019-03-25T15:36:26-0700",
1.0,1,10,6839975557,Mar 25,47.368,https://seattle.craigslist.org/see/apa/d/kent-free-rent-in-march-move-in-ready/6839975557.html,-122.1206,15,"2019-03-12T15:28:52-0700,2019-03-12T15:28:52-0700,2019-03-25T14:51:09-0700",1459,0,900,Free Rent in March.... Move in Ready today!,"2019-03-12T15:28:52-0700,2019-03-12T15:28:52-0700,2019-03-25T14:51:09-0700",
1.0,1,25,6846912516,Mar 25,47.368,https://seattle.craigslist.org/see/apa/d/kent-come-in-and-see-us-today-no-rent/6846912516.html,-122.1206,9,"2019-03-21T10:35:38-0700,2019-03-21T10:35:38-0700,2019-03-25T14:50:59-0700",1295,0,700,Come in and see us today! NO RENT UNTIL  APRIL 2019!!!,"2019-03-21T10:35:38-0700,2019-03-21T10:35:38-0700,2019-03-25T14:50:59-0700",
2.0,3,29,6850299902,Mar 25,47.61872,https://seattle.craigslist.org/see/apa/d/seattle-incredible-3-bedroom-2-bath/6850299902.html,-122.352838,10,"2019-03-25T14:13:40-0700,2019-03-25T14:13:40-0700",4954,0,1271,"Incredible 3 Bedroom, 2 Bath Penthouse Coming Up at Axis Apts!","2019-03-25T14:13:40-0700,2019-03-25T14:13:40-0700",
1.0,1,26,6850299895,Mar 25,47.619469,https://seattle.craigslist.org/see/apa/d/seattle-free-march-classic-vintage/6850299895.html,-122.308517,15,"2019-03-25T14:13:39-0700,2019-03-25T14:13:39-0700,2019-03-25T14:18:47-0700",1595,0,,"Free March! Classic Vintage, Hardwood, Granite, Close to Park, Shops","2019-03-25T14:13:39-0700,2019-03-25T14:13:39-0700,2019-03-25T14:18:47-0700",
1.0,1,42,6841338194,Mar 25,47.717067,https://seattle.craigslist.org/see/apa/d/seattle-april-free-rent-moving-in/6841338194.html,-122.29826,5,"2019-03-14T10:19:02-0700,2019-03-14T10:19:02-0700,2019-03-25T13:35:46-0700",1245,0,609,"April FREE rent moving in special! Washer/dryer IN the unit, balcony","2019-03-14T10:19:02-0700,2019-03-14T10:19:02-0700,2019-03-25T13:35:46-0700",
1.0,2,39,6850265761,Mar 25,47.61532,https://seattle.craigslist.org/see/apa/d/seattle-available-immediately-high/6850265761.html,-122.339637,22,"2019-03-25T13:36:24-0700,2019-03-25T13:36:24-0700",2850,0,843,"AVAILABLE IMMEDIATELY, HIGH SPEED INTERNET, ELECTRIC VEHICLE CHARGING!","2019-03-25T13:36:24-0700,2019-03-25T13:36:24-0700",
1.0,2,14,6850227494,Mar 25,47.574928,https://seattle.craigslist.org/see/apa/d/seattle-west-facing-2-bed-1-bath-in/6850227494.html,-122.386476,12,"2019-03-25T12:57:10-0700,2019-03-25T12:57:10-0700",2135,0,771,"West Facing 2 Bed, 1 Bath In Admiral 4/6","2019-03-25T12:57:10-0700,2019-03-25T12:57:10-0700",
1.0,1,52,6850227424,Mar 25,47.368488,https://seattle.craigslist.org/see/apa/d/kent-enjoy-quality-living/6850227424.html,-122.307096,19,"2019-03-25T12:57:06-0700,2019-03-25T12:57:06-0700",1500,0,750,Enjoy Quality Living,"2019-03-25T12:57:06-0700,2019-03-25T12:57:06-0700",
2.0,2,54,6850186152,Mar 25,47.629093,https://seattle.craigslist.org/see/apa/d/bainbridge-island-experience-island/6850186152.html,-122.518375,6,"2019-03-25T12:14:53-0700,2019-03-25T12:14:53-0700",2017,0,1150,"Experience Island Living, Serene location, Close to shops and ferry","2019-03-25T12:14:53-0700,2019-03-25T12:14:53-0700",
1.0,1,20,6850186038,Mar 25,47.623738,https://seattle.craigslist.org/see/apa/d/seattle-close-to-shopping-close-to/6850186038.html,-122.307136,6,"2019-03-25T12:14:48-0700,2019-03-25T12:14:48-0700",2520,0,792,"Close to Shopping, Close to Freeway, Washer/Dryer","2019-03-25T12:14:48-0700,2019-03-25T12:14:48-0700",
2.0,2,46,6850158910,Mar 25,47.61115,https://seattle.craigslist.org/see/apa/d/seattle-luxury-high-rise-apartments-2/6850158910.html,-122.340767,11,"2019-03-25T11:48:33-0700,2019-03-25T11:48:33-0700",3575,0,1100,Luxury High Rise Apartments 2 Bedroom 2 Bath,"2019-03-25T11:48:33-0700,2019-03-25T11:48:33-0700",
1.0,0,20,6848060062,Mar 25,47.67862,https://seattle.craigslist.org/see/apa/d/seattle-99-deposit-and-500-2nd-floor/6848060062.html,-122.319358,9,"2019-03-22T16:13:28-0700,2019-03-22T16:13:28-0700,2019-03-25T11:47:01-0700",1155,0,202,$99 Deposit and $500 2nd Floor corner unit large window and Murphy bed,"2019-03-22T16:13:28-0700,2019-03-22T16:13:28-0700,2019-03-25T11:47:01-0700",
2.0,2,12,6850125571,Mar 25,47.4889,https://seattle.craigslist.org/see/apa/d/seattle-love-seattle-living-but-without/6850125571.html,-122.3012,13,"2019-03-25T11:16:36-0700,2019-03-25T11:16:36-0700",1849,0,1100,Love Seattle Living but without the traffic,"2019-03-25T11:16:36-0700,2019-03-25T11:16:36-0700",
2.5,3,2,6850125354,Mar 25,47.649179,https://seattle.craigslist.org/see/apa/d/redmond-ne-81st-st-redmond-wa-98053/6850125354.html,-122.041314,15,"2019-03-25T11:16:23-0700,2019-03-25T11:16:23-0700",3100,0,2480,"23017 NE 81st St Redmond, WA 98053","2019-03-25T11:16:23-0700,2019-03-25T11:16:23-0700",
1.5,2,6,6846634228,Mar 25,47.3929,https://seattle.craigslist.org/see/apa/d/seattle-des-moines-new-townhome-1230-sq/6846634228.html,-122.3129,11,"2019-03-21T05:20:46-0700,2019-03-21T05:20:46-0700,2019-03-25T10:50:16-0700",1650,0,1230,Des Moines New Townhome 1230 sq ft 2 bed 1.5 Ba,"2019-03-21T05:20:46-0700,2019-03-21T05:20:46-0700,2019-03-25T10:50:16-0700",
2.5,3,16,6850097347,Mar 25,47.718959,https://seattle.craigslist.org/see/apa/d/seattle-beautifully-updated-haller-lake/6850097347.html,-122.329259,22,"2019-03-25T10:50:14-0700,2019-03-25T10:50:14-0700,2019-03-25T11:03:31-0700",2850,0,1880,Beautifully Updated Haller Lake Family Home!!,"2019-03-25T10:50:14-0700,2019-03-25T10:50:14-0700,2019-03-25T11:03:31-0700",
1.0,1,37,6848540595,Mar 25,47.61894,https://seattle.craigslist.org/see/apa/d/seattle-spacious-1x1-den-laundry-room/6848540595.html,-122.345038,12,"2019-03-23T10:09:16-0700,2019-03-23T10:09:16-0700,2019-03-25T10:19:30-0700",2335,0,1042,SPACIOUS 1x1 w/Den! Laundry room included!,"2019-03-23T10:09:16-0700,2019-03-23T10:09:16-0700,2019-03-25T10:19:30-0700",
1.0,1,31,6850062773,Mar 25,47.60937,https://seattle.craigslist.org/see/apa/d/seattle-large-studio-spectacular-views/6850062773.html,-122.330099,15,"2019-03-25T10:19:20-0700,2019-03-25T10:19:20-0700",1695,0,565,Large Studio w/ Spectacular Views of the City!,"2019-03-25T10:19:20-0700,2019-03-25T10:19:20-0700",
1.0,2,30,6847297767,Mar 25,47.4441,https://seattle.craigslist.org/see/apa/d/brand-new-listing-awesome-2-bedroom/6847297767.html,-122.3249,15,"2019-03-21T18:27:10-0700,2019-03-21T18:27:10-0700,2019-03-25T09:57:18-0700",1199,0,850,"Brand new listing, Awesome 2 bedroom unit, Vaulted Ceilings & Balcony","2019-03-21T18:27:10-0700,2019-03-21T18:27:10-0700,2019-03-25T09:57:18-0700",
1.0,2,31,6847297752,Mar 25,47.4441,https://seattle.craigslist.org/see/apa/d/fully-appliance-kitchen-ample-room/6847297752.html,-122.3249,16,"2019-03-21T18:27:09-0700,2019-03-21T18:27:09-0700,2019-03-25T09:57:17-0700",1295,0,850,"Fully Appliance Kitchen, Ample room & closet spaces, Up to 1 Mo Free","2019-03-21T18:27:09-0700,2019-03-21T18:27:09-0700,2019-03-25T09:57:17-0700",
2.0,2,12,6848424765,Mar 25,47.4889,https://seattle.craigslist.org/see/apa/d/seattle-love-seattle-living-but-without/6848424765.html,-122.3012,13,"2019-03-23T08:20:29-0700,2019-03-23T08:20:29-0700,2019-03-25T09:26:34-0700",1649,0,1100,Love Seattle Living but without the traffic,"2019-03-23T08:20:29-0700,2019-03-23T08:20:29-0700,2019-03-25T09:26:34-0700",
2.0,2,6,6848422479,Mar 25,47.4889,https://seattle.craigslist.org/see/apa/d/seattle-today-only-manager-special/6848422479.html,-122.3012,11,"2019-03-23T08:18:11-0700,2019-03-23T08:18:11-0700,2019-03-25T09:25:48-0700",1800,0,1100,Today Only! Manager Special. ! MONTH FREE,"2019-03-23T08:18:11-0700,2019-03-23T08:18:11-0700,2019-03-25T09:25:48-0700",
1.0,0,20,6828949462,Mar 25,47.63602,https://seattle.craigslist.org/see/apa/d/seattle-first-full-month-rent-free-move/6828949462.html,-122.324437,9,"2019-02-26T14:22:48-0800,2019-02-26T14:22:48-0800,2019-03-25T08:51:18-0700",1455,0,334,First FULL  month rent FREE!! MOVE IN SPECIAL☏,"2019-02-26T14:22:48-0800,2019-02-26T14:22:48-0800,2019-03-25T08:51:18-0700",
1.0,0,20,6826736808,Mar 25,47.63602,https://seattle.craigslist.org/see/apa/d/seattle-online-work-order-green-built/6826736808.html,-122.324437,9,"2019-02-23T16:33:53-0800,2019-02-23T16:33:53-0800,2019-03-25T08:51:13-0700",1325,0,242,"Online work order, Green built, Wood style flooring","2019-02-23T16:33:53-0800,2019-02-23T16:33:53-0800,2019-03-25T08:51:13-0700",
1.0,1,13,6846983886,Mar 25,47.690904,https://seattle.craigslist.org/see/apa/d/seattle-great-greenwood-location/6846983886.html,-122.353759,5,"2019-03-21T11:45:21-0700,2019-03-21T11:45:21-0700,2019-03-25T08:24:06-0700",1400,0,700,GREAT GREENWOOD LOCATION,"2019-03-21T11:45:21-0700,2019-03-21T11:45:21-0700,2019-03-25T08:24:06-0700",
1.0,0,44,6847267619,Mar 25,47.617614,https://seattle.craigslist.org/see/apa/d/seattle-beautiful-modern-furnished/6847267619.html,-122.352215,18,"2019-03-21T17:32:31-0700,2019-03-21T17:32:31-0700,2019-03-25T08:24:41-0700",1895,0,571,Beautiful modern furnished Belltown condo,"2019-03-21T17:32:31-0700,2019-03-21T17:32:31-0700,2019-03-25T08:24:41-0700",
1.0,0,23,6844775763,Mar 25,47.616181,https://seattle.craigslist.org/see/apa/d/seattle-0-bed-1-bath-airy-9-ceilings-in/6844775763.html,-122.331418,16,"2019-03-18T17:52:21-0700,2019-03-18T17:52:21-0700,2019-03-25T03:34:28-0700",2554,0,530,"0 Bed /1 Bath, Airy 9’ ceilings in living areas, Music studio","2019-03-18T17:52:21-0700,2019-03-18T17:52:21-0700,2019-03-25T03:34:28-0700",
1.0,1,24,6835066417,Mar 25,47.612424,https://seattle.craigslist.org/see/apa/d/seattle-first-hill-1br-apt-washer-dryer/6835066417.html,-122.326,16,"2019-03-06T12:04:35-0800,2019-03-06T12:04:35-0800,2019-03-25T03:30:43-0700",1699,0,647,"First Hill 1BR apt, Washer/Dryer inside, Pets are welcome! Gym on-site","2019-03-06T12:04:35-0800,2019-03-06T12:04:35-0800,2019-03-25T03:30:43-0700",
1.5,1,14,6849648081,Mar 24,47.63982,https://seattle.craigslist.org/see/apa/d/seattle-1-bed-in-gorgeous-eastlake-lake/6849648081.html,-122.328337,5,"2019-03-24T19:13:57-0700,2019-03-24T19:13:57-0700",1198,0,1100,1 bed in gorgeous Eastlake Lake Union Penthouse Apartment,"2019-03-24T19:13:57-0700,2019-03-24T19:13:57-0700",
1.0,2,26,6847901532,Mar 24,47.631682,https://seattle.craigslist.org/see/apa/d/seattle-2-bdr-in-queen-anne-hilltop/6847901532.html,-122.352638,15,"2019-03-22T13:08:15-0700,2019-03-22T13:08:15-0700,2019-03-24T19:09:42-0700",1900,0,825,2 BDR in Queen Anne Hilltop available April 6th,"2019-03-22T13:08:15-0700,2019-03-22T13:08:15-0700,2019-03-24T19:09:42-0700",
1.0,1,28,6849575893,Mar 24,47.669563,https://seattle.craigslist.org/see/apa/d/seattle-top-floor-luxury-apartment-in/6849575893.html,-122.38464,12,"2019-03-24T17:02:58-0700,2019-03-24T17:02:58-0700",2450,0,700,Top Floor Luxury Apartment in Ballard - Come Look!,"2019-03-24T17:02:58-0700,2019-03-24T17:02:58-0700",
2.0,2,15,6849560566,Mar 24,47.613277,https://seattle.craigslist.org/see/apa/d/seattle-stunning-2b-1b-with-lots-of/6849560566.html,-122.319251,7,"2019-03-24T16:38:22-0700,2019-03-24T16:38:22-0700",2677,0,774,Stunning 2b/1b With LOTS Of Natural Light & Private Balcony!,"2019-03-24T16:38:22-0700,2019-03-24T16:38:22-0700",
1.0,0,25,6849538103,Mar 24,47.722239,https://seattle.craigslist.org/see/apa/d/seattle-gorgeous-spacious-luxurious/6849538103.html,-122.293194,11,"2019-03-24T16:03:49-0700,2019-03-24T16:03:49-0700",1355,0,612,"Gorgeous, Spacious & Luxurious Studio with Walk in Closet!","2019-03-24T16:03:49-0700,2019-03-24T16:03:49-0700",
1.0,1,52,6846973412,Mar 24,47.62012,https://seattle.craigslist.org/see/apa/d/seattle-welcome-home-we-are-waiting-for/6846973412.html,-122.314237,12,"2019-03-21T11:34:46-0700,2019-03-21T11:34:46-0700,2019-03-24T16:02:46-0700",1895,0,564,"Welcome home, we are waiting for you with 2 WEEKS FREE!","2019-03-21T11:34:46-0700,2019-03-21T11:34:46-0700,2019-03-24T16:02:46-0700",
baths,beds,contentLen,craigId,date,latitude,link,longitude,numPic,postDate,price,reposts,size,title,updateDate,zipcode
1.0,0,6,6850901339,Mar 26,47.660093,https://seattle.craigslist.org/see/apa/d/seattle-take-tour-at-the-malloy-today/6850901339.html,-122.311737,8,"2019-03-26T10:19:17-0700,2019-03-26T10:19:17-0700",1268,0,307,Take a tour at the Malloy today!!! New modern interior!!!,"2019-03-26T10:19:17-0700,2019-03-26T10:19:17-0700",
1.0,1,43,6850901168,Mar 26,47.703105,https://seattle.craigslist.org/see/apa/d/one-bedroom-apartment-with-study-nook/6850901168.html,-122.324202,6,"2019-03-26T10:19:07-0700,2019-03-26T10:19:07-0700",1775,0,697,ONE-BEDROOM APARTMENT WITH STUDY NOOK!,"2019-03-26T10:19:07-0700,2019-03-26T10:19:07-0700",
,,36,6849223427,Mar 26,47.5627,https://seattle.craigslist.org/see/apa/d/rvs-spaces-in-fall-city-snoqualmie/6849223427.html,-121.864557,5,"2019-03-24T09:36:04-0700,2019-03-24T09:36:04-0700,2019-03-26T09:54:22-0700",850,0,,"RV's Spaces in Fall City / Snoqualmie,  Spring Glen Mobile Home Park","2019-03-24T09:36:04-0700,2019-03-24T09:36:04-0700,2019-03-26T09:54:22-0700",
1.0,2,21,6850876515,Mar 26,47.733226,https://seattle.craigslist.org/see/apa/d/seattle-open-house-this-weekend/6850876515.html,-122.343181,13,"2019-03-26T09:55:19-0700,2019-03-26T09:55:19-0700",1695,0,850,OPEN HOUSE THIS WEEKEND!,"2019-03-26T09:55:19-0700,2019-03-26T09:55:19-0700",
1.0,1,17,6844595791,Mar 26,47.614468,https://seattle.craigslist.org/see/apa/d/seattle-modern-top-floor-apt-with/6844595791.html,-122.326713,20,"2019-03-18T13:59:45-0700,2019-03-18T13:59:45-0700,2019-03-26T09:18:52-0700",2500,0,636,Modern top floor apt with balcony,"2019-03-18T13:59:45-0700,2019-03-18T13:59:45-0700,2019-03-26T09:18:52-0700",
1.0,0,8,6840732198,Mar 26,47.61932,https://seattle.craigslist.org/see/apa/d/seattle-spectacular-studio-in-iconic/6840732198.html,-122.325337,7,"2019-03-13T13:55:41-0700,2019-03-13T13:55:41-0700,2019-03-26T09:18:39-0700",1400,0,,★ Spectacular Studio in Iconic Capitol Hill Building ★,"2019-03-13T13:55:41-0700,2019-03-13T13:55:41-0700,2019-03-26T09:18:39-0700",
1.0,1,7,6839494087,Mar 26,47.653625,https://seattle.craigslist.org/see/apa/d/seattle-beautiful-spacious-condo-with/6839494087.html,-122.390513,12,"2019-03-12T07:13:38-0700,2019-03-12T07:13:38-0700,2019-03-26T08:07:35-0700",1595,0,752,Beautiful Spacious Condo with swimming pool next to Lawton Park!,"2019-03-12T07:13:38-0700,2019-03-12T07:13:38-0700,2019-03-26T08:07:35-0700",
1.0,1,24,6845711136,Mar 26,47.674317,https://seattle.craigslist.org/see/apa/d/new-apartment-studio-near-of-ballard/6845711136.html,-122.360616,9,"2019-03-19T21:06:20-0700,2019-03-19T21:06:20-0700,2019-03-26T08:05:52-0700",1695,0,400,▶ NEW APARTMENT/STUDIO ✓ Near ❤ of Ballard ◀,"2019-03-19T21:06:20-0700,2019-03-19T21:06:20-0700,2019-03-26T08:05:52-0700",
2.0,3,46,6846550719,Mar 25,47.4889,https://seattle.craigslist.org/see/apa/d/seattle-beautiful-3-beds-2-baths-upper/6846550719.html,-122.3012,12,"2019-03-20T21:32:00-0700,2019-03-20T21:32:00-0700,2019-03-25T22:18:54-0700",2195,0,1330,"Beautiful 3 Beds 2 Baths Upper Unit (1,330 sqf) in South Seattle","2019-03-20T21:32:00-0700,2019-03-20T21:32:00-0700,2019-03-25T22:18:54-0700",
1.0,2,31,6850574932,Mar 25,47.673595,https://seattle.craigslist.org/see/apa/d/seattle-charming-ballard-bungalow/6850574932.html,-122.364242,3,"2019-03-25T22:13:15-0700,2019-03-25T22:13:15-0700,2019-03-25T22:58:36-0700",2950,0,,Charming Ballard Bungalow,"2019-03-25T22:13:15-0700,2019-03-25T22:13:15-0700,2019-03-25T22:58:36-0700",
1.0,1,23,6845599070,Mar 25,47.616181,https://seattle.craigslist.org/see/apa/d/seattle-1-bed-1-bath-in-seattle-with/6845599070.html,-122.331418,16,"2019-03-19T17:17:15-0700,2019-03-19T17:17:15-0700,2019-03-25T18:39:37-0700",3394,0,619,"1 Bed/1 Bath, in Seattle with Solar room-darkening shades","2019-03-19T17:17:15-0700,2019-03-19T17:17:15-0700,2019-03-25T18:39:37-0700",
2.0,2,14,6850495044,Mar 25,47.66942,https://seattle.craigslist.org/see/apa/d/seattle-storage-views-and-windows-for/6850495044.html,-122.376039,16,"2019-03-25T18:40:23-0700,2019-03-25T18:40:23-0700",2897,0,1146,"Storage, Views and Windows for DAYS in Spacious 2x2!","2019-03-25T18:40:23-0700,2019-03-25T18:40:23-0700",
1.0,1,39,6850462436,Mar 25,47.562429,https://seattle.craigslist.org/see/apa/d/seattle-1x1-plus-den-with-laundry-room/6850462436.html,-122.381456,6,"2019-03-25T17:44:34-0700,2019-03-25T17:44:34-0700",2097,0,678,"1x1 plus Den with Laundry Room, Walk-In Closet, 2 Weeks Free!","2019-03-25T17:44:34-0700,2019-03-25T17:44:34-0700",
1.0,2,9,6850462202,Mar 25,47.6786,https://seattle.craigslist.org/see/apa/d/kirkland-live-the-uptown-urban/6850462202.html,-122.1894,10,"2019-03-25T17:44:10-0700,2019-03-25T17:44:10-0700",2285,0,875,Live The Uptown Urban Lifestyle That You Crave! Spacious 2x1,"2019-03-25T17:44:10-0700,2019-03-25T17:44:10-0700",
1.0,1,43,6850440010,Mar 25,47.562602,https://seattle.craigslist.org/see/apa/d/seattle-relax-on-your-private-balcony/6850440010.html,-122.389438,7,"2019-03-25T17:10:05-0700,2019-03-25T17:10:05-0700",1895,0,650,Relax on Your Private Balcony with Water Views!,"2019-03-25T17:10:05-0700,2019-03-25T17:10:05-0700",
1.0,0,12,6850439776,Mar 25,47.5746,https://seattle.craigslist.org/see/apa/d/seattle-sleek-urban-one-bedroom-with/6850439776.html,-122.3934,12,"2019-03-25T17:09:44-0700,2019-03-25T17:09:44-0700",1905,0,631,"Sleek urban one bedroom with all appliances, w/d in home!","2019-03-25T17:09:44-0700,2019-03-25T17:09:44-0700",
1.0,1,43,6850411070,Mar 25,47.600752,https://seattle.craigslist.org/see/apa/d/seattle-newly-renovated-one-bedroom-apt/6850411070.html,-122.325747,8,"2019-03-25T16:30:21-0700,2019-03-25T16:30:21-0700",1799,0,627,Newly Renovated One Bedroom Apt. | Balcony + Storage | Fireplace,"2019-03-25T16:30:21-0700,2019-03-25T16:30:21-0700",
1.0,2,4,6850410833,Mar 25,47.6478,https://seattle.craigslist.org/see/apa/d/bainbridge-island-walking-distance-to/6850410833.html,-122.538,24,"2019-03-25T16:30:04-0700,2019-03-25T16:30:04-0700",1650,0,854,Walking Distance to Ferry!,"2019-03-25T16:30:04-0700,2019-03-25T16:30:04-0700",
1.0,1,44,6850382838,Mar 25,47.490021,https://seattle.craigslist.org/see/apa/d/seattle-dream-floorplan-1-bedroom/6850382838.html,-122.247433,3,"2019-03-25T15:52:38-0700,2019-03-25T15:52:38-0700",999,0,,Dream floorplan!!! 1 bedroom,"2019-03-25T15:52:38-0700,2019-03-25T15:52:38-0700",
1.0,1,23,6844484626,Mar 25,47.668783,https://seattle.craigslist.org/see/apa/d/seattle-1bed-1bath-recycling-center-on/6844484626.html,-122.388578,14,"2019-03-18T12:06:11-0700,2019-03-18T12:06:11-0700,2019-03-25T15:51:33-0700",2100,0,696,"1bed & 1bath, Recycling center on every level, Pantries","2019-03-18T12:06:11-0700,2019-03-18T12:06:11-0700,2019-03-25T15:51:33-0700",
1.0,2,8,6845648521,Mar 25,47.6633,https://seattle.craigslist.org/see/apa/d/seattle-100-off-first-months-rent-2/6845648521.html,-122.3022,7,"2019-03-19T18:39:53-0700,2019-03-19T18:39:53-0700,2019-03-25T15:07:42-0700",1675,0,750,$100 OFF FIRST MONTHS RENT!! 2 Bedroom/1 Bath for the Outdoorsy type,"2019-03-19T18:39:53-0700,2019-03-19T18:39:53-0700,2019-03-25T15:07:42-0700",
2.0,2,24,6850347537,Mar 25,47.611305,https://seattle.craigslist.org/see/apa/d/bellevue-2-bd-and-2ba-fully-equipped/6850347537.html,-122.206832,11,"2019-03-25T15:08:20-0700,2019-03-25T15:08:20-0700",4573,0,1419,"2 BD and 2BA, Fully-equipped kitchens, Spacious walk-in closets","2019-03-25T15:08:20-0700,2019-03-25T15:08:20-0700",
1.0,1,44,6850311785,Mar 25,47.488493,https://seattle.craigslist.org/see/apa/d/stop-searching-we-got-the-1-bedroom/6850311785.html,-122.168027,13,"2019-03-25T14:26:49-0700,2019-03-25T14:26:49-0700",1305,0,615,STOP Searching!! We got the 1 BEDROOM you're looking for!!,"2019-03-25T14:26:49-0700,2019-03-25T14:26:49-0700",
1.0,1,41,6850311772,Mar 25,47.754329,https://seattle.craigslist.org/see/apa/d/seattle-spacious-1-bed-1-bath-smartly/6850311772.html,-122.345209,12,"2019-03-25T14:26:48-0700,2019-03-25T14:26:48-0700",1560,0,545,"Spacious 1 Bed/1 Bath, Smartly Priced, Ready for Move-in!!! Tour 2day!","2019-03-25T14:26:48-0700,2019-03-25T14:26:48-0700",
1.0,1,16,6845196629,Mar 25,47.560312,https://seattle.craigslist.org/see/apa/d/seattle-pet-friendly-community-minute/6845196629.html,-122.382638,8,"2019-03-19T09:47:25-0700,2019-03-19T09:47:25-0700,2019-03-25T13:47:42-0700",1870,0,712,Pet friendly Community ~ Minute from DT Seattle ~ Spacious Bedroom w/ Large wind,"2019-03-19T09:47:25-0700,2019-03-19T09:47:25-0700,2019-03-25T13:47:42-0700",
1.0,2,48,6850277261,Mar 25,47.775654,https://seattle.craigslist.org/see/apa/d/mountlake-terrace-1000-gift-apply-today/6850277261.html,-122.346185,8,"2019-03-25T13:48:39-0700,2019-03-25T13:48:39-0700",1975,0,963,$1000 GIFT! APPLY TODAY AND GET OUR GREAT SPECIAL DEALS NOW!,"2019-03-25T13:48:39-0700,2019-03-25T13:48:39-0700",
1.0,1,25,6850241935,Mar 25,47.630276,https://seattle.craigslist.org/see/apa/d/seattle-spacious-urban-1-bedroom-6th/6850241935.html,-122.341335,24,"2019-03-25T13:11:50-0700,2019-03-25T13:11:50-0700",2125,0,619,"Spacious Urban 1 Bedroom, 6th Floor, Wash/Dry, Lake Union - #619","2019-03-25T13:11:50-0700,2019-03-25T13:11:50-0700",
1.0,1,31,6850240609,Mar 25,47.538543,https://seattle.craigslist.org/see/apa/d/bellevue-1x1-apartment-ready-for-you/6850240609.html,-122.165598,7,"2019-03-25T13:10:32-0700,2019-03-25T13:10:32-0700",1599,0,650,1x1 Apartment Ready for YOU TODAY!! Don't Miss Out!,"2019-03-25T13:10:32-0700,2019-03-25T13:10:32-0700",
2.0,2,50,6838361550,Mar 25,47.619544,https://seattle.craigslist.org/see/apa/d/seattle-2-bed-2-bath-2-good-2-pass-up/6838361550.html,-122.314761,7,"2019-03-10T17:19:45-0700,2019-03-10T17:19:45-0700,2019-03-25T12:25:03-0700",3295,0,980,2 Bed 2 Bath = 2 Good 2 Pass Up! Avail Early April! Pre Lease Today!,"2019-03-10T17:19:45-0700,2019-03-10T17:19:45-0700,2019-03-25T12:25:03-0700",
1.0,1,32,6850197151,Mar 25,47.546515,https://seattle.craigslist.org/see/apa/d/seattle-unparalleled-views-exceptional/6850197151.html,-122.375979,19,"2019-03-25T12:26:05-0700,2019-03-25T12:26:05-0700",1735,0,503,Unparalleled Views. Exceptional Style. Nonstop Luxury. 6 weeks Free!,"2019-03-25T12:26:05-0700,2019-03-25T12:26:05-0700",
1.0,2,19,6846286994,Mar 25,47.5444,https://seattle.craigslist.org/see/apa/d/spring-into-avalon-apartments-for/6846286994.html,-122.3735,7,"2019-03-20T13:59:41-0700,2019-03-20T13:59:41-0700,2019-03-25T12:27:10-0700",1575,0,,Spring into Avalon Apartments for beautiful seattle skyline views!!!,"2019-03-20T13:59:41-0700,2019-03-20T13:59:41-0700,2019-03-25T12:27:10-0700",
1.0,1,52,6829837131,Mar 25,47.545496,https://seattle.craigslist.org/see/apa/d/seattle-1-bd-garden-courtpre-leasing/6829837131.html,-122.274871,7,"2019-02-27T16:47:23-0800,2019-02-27T16:47:23-0800,2019-03-25T11:53:39-0700",1325,0,600,1 BD Garden Court*PRE-Leasing for April 6th Move-In*FREE Parking,"2019-02-27T16:47:23-0800,2019-02-27T16:47:23-0800,2019-03-25T11:53:39-0700",
1.0,1,24,6838137627,Mar 25,47.609382,https://seattle.craigslist.org/see/apa/d/seattle-waterfront-condo-in-downtown/6838137627.html,-122.344415,8,"2019-03-10T12:09:39-0700,2019-03-10T12:09:39-0700,2019-03-25T11:23:25-0700",2100,0,950,Waterfront Condo in downtown Seattle,"2019-03-10T12:09:39-0700,2019-03-10T12:09:39-0700,2019-03-25T11:23:25-0700",
1.0,0,32,6836622182,Mar 25,47.619045,https://seattle.craigslist.org/see/apa/d/seattle-the-redwood-has-studios-on/6836622182.html,-122.304879,5,"2019-03-08T10:56:53-0800,2019-03-08T10:56:53-0800,2019-03-25T11:23:43-0700",1250,0,252,The Redwood has Studios on Capitol Hill for Lease!,"2019-03-08T10:56:53-0800,2019-03-08T10:56:53-0800,2019-03-25T11:23:43-0700",
2.0,3,55,6850106868,Mar 25,47.290792,https://seattle.craigslist.org/see/apa/d/federal-way-with-wood-burning-fireplace/6850106868.html,-122.332339,21,"2019-03-25T10:59:15-0700,2019-03-25T10:59:15-0700",1895,0,1200,With a WOOD burning FIREPLACE! You'll be WARM all Winter long!,"2019-03-25T10:59:15-0700,2019-03-25T10:59:15-0700",
1.0,1,23,6850106618,Mar 25,47.616181,https://seattle.craigslist.org/see/apa/d/seattle-elegant-quartz-countertops/6850106618.html,-122.331418,16,"2019-03-25T10:59:02-0700,2019-03-25T10:59:02-0700",2859,0,744,"Elegant quartz countertops, Solar room-darkening shades, Tech niches","2019-03-25T10:59:02-0700,2019-03-25T10:59:02-0700",
2.0,2,21,6850070346,Mar 25,47.624731,https://seattle.craigslist.org/see/apa/d/seattle-be-part-of-something-special-at/6850070346.html,-122.337137,5,"2019-03-25T10:26:11-0700,2019-03-25T10:26:11-0700",4325,0,1021,Be A Part Of Something Special At HELM,"2019-03-25T10:26:11-0700,2019-03-25T10:26:11-0700",
1.0,2,30,6848366565,Mar 25,47.4441,https://seattle.craigslist.org/see/apa/d/seattle-stop-looking-come-on-over-to/6848366565.html,-122.3249,16,"2019-03-23T07:16:06-0700,2019-03-23T07:16:06-0700,2019-03-25T09:57:58-0700",1199,0,850,Stop Looking-Come on Over to Normandy Park Villa...,"2019-03-23T07:16:06-0700,2019-03-23T07:16:06-0700,2019-03-25T09:57:58-0700",
1.0,2,30,6848362739,Mar 25,47.4441,https://seattle.craigslist.org/see/apa/d/spacious-2-bedroom-apartment-with/6848362739.html,-122.3249,15,"2019-03-23T07:11:31-0700,2019-03-23T07:11:31-0700,2019-03-25T09:57:57-0700",1199,0,850,SPACIOUS 2 BEDROOM APARTMENT WITH BALCONY,"2019-03-23T07:11:31-0700,2019-03-23T07:11:31-0700,2019-03-25T09:57:57-0700",
1.0,0,19,6850008328,Mar 25,47.559402,https://seattle.craigslist.org/see/apa/d/seattle-mfte-studio-available-call-us/6850008328.html,-122.381054,24,"2019-03-25T09:30:44-0700,2019-03-25T09:30:44-0700",1141,0,439,MFTE Studio Available! Call Us Today To Find Out Details!,"2019-03-25T09:30:44-0700,2019-03-25T09:30:44-0700",
1.0,2,54,6850006956,Mar 25,47.534617,https://seattle.craigslist.org/see/apa/d/seattle-ground-level-2x1-opens-to/6850006956.html,-122.376344,14,"2019-03-25T09:29:32-0700,2019-03-25T09:29:32-0700",1630,0,760,Ground Level 2x1 Opens to Massive Enclosed Courtyard! Pets OK!,"2019-03-25T09:29:32-0700,2019-03-25T09:29:32-0700",
1.0,2,15,6829573523,Mar 25,47.7377,https://seattle.craigslist.org/see/apa/d/seattle-large-bedrooms-great-location/6829573523.html,-122.3431,4,"2019-02-27T11:20:27-0800,2019-02-27T11:20:27-0800,2019-03-25T08:52:54-0700",1595,0,900,Large Bedrooms - Great Location!,"2019-02-27T11:20:27-0800,2019-02-27T11:20:27-0800,2019-03-25T08:52:54-0700",
1.0,2,15,6839759183,Mar 25,47.70442,https://seattle.craigslist.org/see/apa/d/seattle-gorgeous-2-bedroom-loft/6839759183.html,-122.347071,4,"2019-03-12T11:30:51-0700,2019-03-12T11:30:51-0700,2019-03-25T08:52:29-0700",1495,0,750,Gorgeous 2 bedroom Loft,"2019-03-12T11:30:51-0700,2019-03-12T11:30:51-0700,2019-03-25T08:52:29-0700",
1.0,1,5,6840493326,Mar 25,47.62732,https://seattle.craigslist.org/see/apa/d/seattle-stunning-queen-anne-1-bdrm-with/6840493326.html,-122.364938,19,"2019-03-13T09:57:50-0700,2019-03-13T09:57:50-0700,2019-03-25T08:30:44-0700",1505,0,600,Stunning Queen Anne 1-bdrm with Water and/or Space Needle View,"2019-03-13T09:57:50-0700,2019-03-13T09:57:50-0700,2019-03-25T08:30:44-0700",
1.0,2,8,6841512408,Mar 25,47.7377,https://seattle.craigslist.org/see/apa/d/seattle-two-bed-one-bath-apartment/6841512408.html,-122.3431,11,"2019-03-14T13:17:40-0700,2019-03-14T13:17:40-0700,2019-03-25T11:01:50-0700",2295,0,850,TWO BED / ONE BATH APARTMENT AVAILABLE,"2019-03-14T13:17:40-0700,2019-03-14T13:17:40-0700,2019-03-25T11:01:50-0700",
1.0,0,8,6827561468,Mar 25,47.618157,https://seattle.craigslist.org/see/apa/d/seattle-no-credit-check-required/6827561468.html,-122.349041,6,"2019-02-25T01:56:50-0800,2019-02-25T01:56:50-0800,2019-03-25T05:29:15-0700",1695,0,,No Credit Check Required!,"2019-02-25T01:56:50-0800,2019-02-25T01:56:50-0800,2019-03-25T05:29:15-0700",
,,5,6849753039,Mar 25,47.5344,https://seattle.craigslist.org/see/apa/d/seattle-2-bd-1ba-home-open-floor-plan/6849753039.html,-122.3547,3,"2019-03-25T03:37:26-0700,2019-03-25T03:37:26-0700",1700,0,,- ))_*___*2 bd 1ba Home w/ open floor plan and lots of light!@,"2019-03-25T03:37:26-0700,2019-03-25T03:37:26-0700",
